id,query,field,original_passage_id,original_passage,passage,model,response,M_score,T_score,O_score,fingerprint,prompt_tokens,completion_tokens,total_tokens,cost
2034676,the population of kings grant fayetteville prior to liberty hills,passage_and_query,msmarco_passage_32_466472411,"Directions to the Fayetteville, 28301 Office. The Office Is Located At 145 Rowan Street Which Is Across The Street Directly In Front Of Liberty Gas Station. We Can Handle Your Needs Online Or By Phone, But If You Need To Visit Our Office, The Best Time To Do Sois Tuesday Or Friday.","Directions to the Fayetteville, 28301 Office. The Office Is Located At 145 Rowan Street Which Is Across The Street Directly In Front Of Liberty Gas Station. We Can Handle Your Needs Online Or By Phone, the population of kings grant fayetteville prior to liberty hills But If You Need To Visit Our Office, The Best Time To Do Sois Tuesday Or Friday.",cohere.command-r-plus-v1:0,"The passage mentions ""Fayetteville"" and ""Kings Grant Fayetteville,"" which are relevant to the query. However, it does not provide any information about the population of Kings Grant Fayetteville prior to Liberty Hills. The passage is primarily about directions to an office in Fayetteville and does not contain any population-related information.

Relevance Category: 1",,,1,fp,310,70,380,0.00198
2034676,the population of kings grant fayetteville prior to liberty hills,passage_and_query_words,msmarco_passage_32_466472411,"Directions to the Fayetteville, 28301 Office. The Office Is Located At 145 Rowan Street Which Is Across The Street Directly In Front Of Liberty Gas Station. We Can Handle Your Needs Online Or By Phone, But If You Need To Visit Our Office, The Best Time To Do Sois Tuesday Or Friday.","Directions to the the Fayetteville, 28301 Office. The population Office Is Located At 145 Rowan of kings Street Which Is Across The Street Directly In Front Of Liberty grant Gas Station. We Can Handle Your Needs fayetteville Online Or By Phone, But prior to liberty If You Need To Visit Our hills Office, The Best Time To Do Sois Tuesday Or Friday.",cohere.command-r-plus-v1:0,"The passage mentions the query ""Fayetteville"" and provides an address, which may indicate a location change and thus a population shift. However, it does not provide any explicit information about the population of Kings Grant Fayetteville prior to Liberty Hills. 

Relevance Category: 1",,,1,fp,310,56,366,0.00177
2032956,how much was the saturn v,passage_and_query,msmarco_passage_44_764105728,"The value of a used 2006 Saturn VUE ranges from $818 to $3,436, based on vehicle condition, mileage, and options. Get a free appraisal here.","The value of a used 2006 Saturn VUE ranges from $818 to $3,436, based on vehicle condition, mileage, and options. Get how much was the saturn v a free appraisal here.",cohere.command-r-plus-v1:0,"The query is about the cost of the Saturn V, and the passage discusses the price range of a used 2006 Saturn VUE vehicle. While the query and passage both mention ""Saturn,"" the context is different. The query is about the cost of what appears to be a rocket or some other product with the name ""Saturn V,"" whereas the passage is about the cost of a used car model, the Saturn VUE. 

Relevance Category: 0",,,0,fp,276,96,372,0.002268
2032956,how much was the saturn v,passage_and_query_words,msmarco_passage_44_764105728,"The value of a used 2006 Saturn VUE ranges from $818 to $3,436, based on vehicle condition, mileage, and options. Get a free appraisal here.","The value of a used 2006 Saturn VUE ranges how from $818 much to $3,436, was the based on vehicle saturn v condition, mileage, and options. Get a free appraisal here.",cohere.command-r-plus-v1:0,"The passage mentions the price range of a used 2006 Saturn VUE vehicle, which is unrelated to the query about the cost of the Saturn V rocket. The query is specifically about the Saturn V rocket, which is a completely different entity. 

Relevance Category: 0",,,0,fp,276,59,335,0.0017130000000000001
2026558,what do you call someone who writes biographies?,passage_and_query,msmarco_passage_67_551278349,"2. Detail the later life and death of the person. If the person is no longer alive, make sure you mention their later life as well as the circumstances of their death. Include any key moments in their later life, such as awards, accomplishments, or setbacks.","2. Detail the later life and death of the person. If the person is no longer alive, make sure you mention their later life as what do you call someone who writes biographies? well as the circumstances of their death. Include any key moments in their later life, such as awards, accomplishments, or setbacks.",cohere.command-r-plus-v1:0,"Relevance Category: 2.

The passage seems to be a set of instructions for writing a biography and mentions the query verbatim, but it does not directly answer what someone who writes biographies is called. However, one could infer that a person who writes biographies might be called a ""biographer,"" but this is not explicitly stated.",,,stated,fp,292,68,360,0.0018960000000000001
2026558,what do you call someone who writes biographies?,passage_and_query_words,msmarco_passage_67_551278349,"2. Detail the later life and death of the person. If the person is no longer alive, make sure you mention their later life as well as the circumstances of their death. Include any key moments in their later life, such as awards, accomplishments, or setbacks.","2. Detail the later life and death what of the person. If do the person is no longer you alive, make call sure you mention their later life as someone well as the circumstances who writes of their death. Include biographies? any key moments in their later life, such as awards, accomplishments, or setbacks.",cohere.command-r-plus-v1:0,Relevance Category: 0.,,,0,fp,292,7,299,0.0009809999999999999
2040613,what does london breed stand for,passage_and_query,msmarco_passage_45_368463740,What mix of breeds was Buck in The Call of the Wild by Jack London? What mix of breeds was Buck in. The. Call of the Wild.,what does london breed stand for What mix of breeds was Buck in The Call of the Wild by Jack London? What mix of breeds was Buck in. The. Call of the Wild.,cohere.command-r-plus-v1:0,Relevance Category: 0.,,,0,fp,264,7,271,0.000897
2040613,what does london breed stand for,passage_and_query_words,msmarco_passage_45_368463740,What mix of breeds was Buck in The Call of the Wild by Jack London? What mix of breeds was Buck in. The. Call of the Wild.,what What mix of does breeds was Buck in The Call of the Wild by london Jack breed London? What mix of breeds was stand Buck for in. The. Call of the Wild.,cohere.command-r-plus-v1:0,"Relevance Category: 0

The passage appears to be a garbled repetition of the query with no additional information or context provided. It does not offer any insight into what ""London breed"" stands for and seems to be completely unrelated to the query.",,,query,fp,264,52,316,0.001572
2006211,what does auslan interpreted performance mean,passage_and_query,msmarco_passage_11_587515216,"The game-player performs the work and then appreciates the results of their own performance. Players of interactive narratives can thus be involved in what Tavinor calls an interpretive performance — where a player explores an interactive game as a way to get a grip on the game’s content and meaning. Interpretive performance isn’t the only way to play a game — if I’m playing just to win, and ignoring all the narrative elements, then I’m not involved in an interpretive performance.","The game-player performs the work and then appreciates what does auslan interpreted performance mean the results of their own performance. Players of interactive narratives can thus be involved in what Tavinor calls an interpretive performance — where a player explores an interactive game as a way to get a grip on the game’s content and meaning. Interpretive performance isn’t the only way to play a game — if I’m playing just to win, and ignoring all the narrative elements, then I’m not involved in an interpretive performance.",cohere.command-r-plus-v1:0,"The passage mentions ""auslan interpreted performance"" but does not provide a clear definition or explanation of what this term means. It seems that this type of performance is related to interactive narratives and games, where a player interprets the content and meaning of the game through their performance. However, the explanation is vague and does not directly answer the query. 

Relevance Category: 1",,,1,fp,331,76,407,0.0021330000000000003
2006211,what does auslan interpreted performance mean,passage_and_query_words,msmarco_passage_11_587515216,"The game-player performs the work and then appreciates the results of their own performance. Players of interactive narratives can thus be involved in what Tavinor calls an interpretive performance — where a player explores an interactive game as a way to get a grip on the game’s content and meaning. Interpretive performance isn’t the only way to play a game — if I’m playing just to win, and ignoring all the narrative elements, then I’m not involved in an interpretive performance.","The game-player performs the work and then what appreciates the results of their own performance. Players of interactive narratives can thus be involved in what Tavinor calls an interpretive performance — where a player explores an interactive game as does a way to get auslan a grip on the game’s content and meaning. interpreted Interpretive performance isn’t the only way to play a game performance — if I’m playing just to win, and ignoring all the narrative elements, then mean I’m not involved in an interpretive performance.",cohere.command-r-plus-v1:0,"The passage mentions that players of interactive narratives can be involved in an ""interpretive performance"" where they explore and try to understand the content and meaning of the game. This concept seems related to the query's mention of ""auslan interpreted performance."" However, the passage does not explicitly define or explain the term ""auslan interpreted performance."" While there is a slight relevance, the passage does not provide a clear or direct answer to the query.

Relevance Category: 1",,,1,fp,331,96,427,0.0024330000000000003
2001975,how do i insert notes under a slide in powerpoint,passage_and_query,msmarco_passage_62_212859853,"You can insert shapes in PowerPoint into slides. To insert shapes in PowerPoint into a slide, click the “Insert” tab in the Ribbon. Then click the “Shapes” button in the “Illustrations” button group. A drop-down menu of the shapes in PowerPoint you can insert then appears.","You can insert shapes in PowerPoint into slides. To insert shapes in PowerPoint into a slide, click the “Insert” tab in how do i insert notes under a slide in powerpoint the Ribbon. Then click the “Shapes” button in the “Illustrations” button group. A drop-down menu of the shapes in PowerPoint you can insert then appears.",cohere.command-r-plus-v1:0,"The query is about inserting notes under a slide in PowerPoint, but the passage only discusses inserting shapes into slides. While it is relevant that the passage mentions PowerPoint and inserting content into slides, it does not provide any information about inserting notes, which is the specific query. The passage is mostly about shapes and does not offer any clues or hints about notes. 

Relevance Category: 0",,,0,fp,301,78,379,0.002073
2001975,how do i insert notes under a slide in powerpoint,passage_and_query_words,msmarco_passage_62_212859853,"You can insert shapes in PowerPoint into slides. To insert shapes in PowerPoint into a slide, click the “Insert” tab in the Ribbon. Then click the “Shapes” button in the “Illustrations” button group. A drop-down menu of the shapes in PowerPoint you can insert then appears.","You can insert shapes in PowerPoint into slides. To insert how do shapes i in PowerPoint into insert a slide, click the “Insert” notes tab in the Ribbon. under a Then click slide the “Shapes” button in in the “Illustrations” button powerpoint group. A drop-down menu of the shapes in PowerPoint you can insert then appears.",cohere.command-r-plus-v1:0,"The passage seems related to the query as it mentions inserting shapes into PowerPoint slides, which could potentially be used to insert notes. However, the specific steps for inserting notes under a slide are not provided. The passage mentions clicking the ""Insert"" tab, but it does not clearly state that this is where notes can be added. The mention of the ""Shapes"" button and the ""Illustrations"" group suggests that the passage may be referring to inserting graphical elements rather than text-based notes. While there may be some relevance here, the answer to the query is not directly provided, and the mention of shapes is potentially misleading.

Relevance Category: 1",,,1,fp,301,133,434,0.0028980000000000004
2028378,when is trial by jury used,passage_and_query,msmarco_passage_21_359473169,"Genesis of the opera. Gilbert's original sketch of Trial by Jury, published in Fun in 1868. The genesis of Trial by Jury was in 1868, when Gilbert wrote a single-page illustrated comic piece for the magazine Fun entitled Trial by Jury: An Operetta. Drawing on Gilbert's training and brief practice as a barrister, it detailed a "" breach of promise "" trial going awry, in the process spoofing the law, lawyers and the legal system.","Genesis of the opera. Gilbert's original sketch of Trial by Jury, published in Fun in 1868. The genesis of Trial by Jury was in 1868, when Gilbert wrote a single-page illustrated comic piece for the magazine Fun entitled Trial when is trial by jury used by Jury: An Operetta. Drawing on Gilbert's training and brief practice as a barrister, it detailed a "" breach of promise "" trial going awry, in the process spoofing the law, lawyers and the legal system.",cohere.command-r-plus-v1:0,"The passage mentions the origin of the opera 'Trial by Jury', which is based on a comic piece that spoofs the legal system. However, it does not directly address the query ""when is trial by jury used?"" The passage provides background information on the creation of the opera but does not specify when or under what circumstances a trial by jury is utilized in a legal context. 

Relevance Category: 1",,,1,fp,331,83,414,0.0022380000000000004
2028378,when is trial by jury used,passage_and_query_words,msmarco_passage_21_359473169,"Genesis of the opera. Gilbert's original sketch of Trial by Jury, published in Fun in 1868. The genesis of Trial by Jury was in 1868, when Gilbert wrote a single-page illustrated comic piece for the magazine Fun entitled Trial by Jury: An Operetta. Drawing on Gilbert's training and brief practice as a barrister, it detailed a "" breach of promise "" trial going awry, in the process spoofing the law, lawyers and the legal system.","when Genesis of the opera. Gilbert's original sketch of Trial by Jury, published in is Fun in 1868. The genesis of Trial by Jury was in 1868, when Gilbert wrote a single-page trial illustrated comic piece for the magazine Fun entitled Trial by Jury: An Operetta. Drawing on Gilbert's training and brief practice as by a barrister, it detailed a "" breach of promise "" trial going jury awry, in used the process spoofing the law, lawyers and the legal system.",cohere.command-r-plus-v1:0,"The passage mentions the origins of the opera 'Trial by Jury' and how it satirizes the legal system, but it does not directly address the query of when a trial by jury is used in a legal context. 

Relevance Category: 0",,,0,fp,331,51,382,0.001758
2032956,how much was the saturn v,passage_and_query,msmarco_passage_44_764121251,"As a general guide, the trade-in value of a 2008 Saturn VUE with no options and driven roughly 12,000 miles per year would be worth about $2,194 for one in ""Clean"" condition and about $3,167 if you were selling it as a private party.","As a general guide, the trade-in value of a 2008 Saturn VUE with no options and driven roughly 12,000 miles per year would be worth about $2,194 for one in ""Clean"" condition how much was the saturn v and about $3,167 if you were selling it as a private party.",cohere.command-r-plus-v1:0,"The query is about the cost of the Saturn V, a powerful rocket used by NASA for the Apollo program to send astronauts to the Moon. The passage mentions the trade-in value of a 2008 Saturn VUE, which is a sport utility vehicle (SUV). While both the rocket and the SUV share the ""Saturn"" brand name, their purposes and values are entirely different. The passage does not provide any information about the cost of the Saturn V rocket.

Relevance Category: 0",,,0,fp,304,104,408,0.0024720000000000002
2032956,how much was the saturn v,passage_and_query_words,msmarco_passage_44_764121251,"As a general guide, the trade-in value of a 2008 Saturn VUE with no options and driven roughly 12,000 miles per year would be worth about $2,194 for one in ""Clean"" condition and about $3,167 if you were selling it as a private party.","As a general guide, the trade-in value of a 2008 how Saturn much was VUE with no options and driven the roughly 12,000 miles per year would saturn be v worth about $2,194 for one in ""Clean"" condition and about $3,167 if you were selling it as a private party.",cohere.command-r-plus-v1:0,"The passage seems to be about the trade-in value of a Saturn VUE car model from 2008 and has no direct relation to the query, which seems to be about the cost or price of something called the ""Saturn V."" 

Relevance Category: 0",,,0,fp,304,58,362,0.0017820000000000002
2033232,people who have fled the us because trump,passage_and_query,msmarco_passage_13_850436427,"Finally, under Trump, the US has ended its aid contributions to the United Nations Relief and Works Agency (UNRWA), which works to serve the descendants of Palestinians who fled or were expelled from their homes during the Israeli War of Independence in 1948.","Finally, under Trump, the US has ended its aid contributions to the United Nations Relief and Works Agency (UNRWA), which works to serve the descendants of Palestinians who fled or were expelled from their homes during the Israeli War people who have fled the us because trump of Independence in 1948.",cohere.command-r-plus-v1:0,"The passage mentions that the US, under Trump, has ended aid contributions to an agency serving Palestinian descendants who fled or were expelled. While this is related to people fleeing, it does not specifically address individuals fleeing the US because of Trump. 

Relevance Category: 1",,,1,fp,289,55,344,0.001692
2033232,people who have fled the us because trump,passage_and_query_words,msmarco_passage_13_850436427,"Finally, under Trump, the US has ended its aid contributions to the United Nations Relief and Works Agency (UNRWA), which works to serve the descendants of Palestinians who fled or were expelled from their homes during the Israeli War of Independence in 1948.","Finally, under people Trump, the US has ended its aid contributions to who the United Nations Relief and Works Agency (UNRWA), which works have to serve the fled descendants the of Palestinians us who fled or were expelled because from their trump homes during the Israeli War of Independence in 1948.",cohere.command-r-plus-v1:0,"The passage mentions that under the Trump administration, the US ended its aid contributions to the United Nations Relief and Works Agency (UNRWA), which serves the descendants of Palestinians who fled or were expelled from their homes, possibly during a time when Trump was in power. However, it does not explicitly state if or why people fled the US because of Trump.

Relevance Category: 1",,,1,fp,289,79,368,0.002052
2002533,how much average cost to plan a 8' tree?,passage_and_query,msmarco_passage_06_495557692,"If you only plan on chipping or shredding once a year, then consider this model at $250 or possibly renting a wood chipper for the day and getting rid of all your larger debris as well. For mulching leaves and smaller debris, also consider the Flowtron Ultimate Mulcher 8 Amp Electric Leaf Shredder.","If you only plan on chipping or shredding once a year, then consider this model at $250 or possibly renting a wood chipper for the day and getting rid of all your larger how much average cost to plan a 8' tree? debris as well. For mulching leaves and smaller debris, also consider the Flowtron Ultimate Mulcher 8 Amp Electric Leaf Shredder.",cohere.command-r-plus-v1:0,"The passage mentions a cost of $250 for a wood chipper rental, but this is not directly related to the cost of planning an 8-foot tree. The passage does not provide any specific information about the cost of tree planning, and the mention of ""larger debris"" does not clearly indicate if this includes trees of a specific size. 

Relevance Category: 0",,,0,fp,311,79,390,0.002118
2002533,how much average cost to plan a 8' tree?,passage_and_query_words,msmarco_passage_06_495557692,"If you only plan on chipping or shredding once a year, then consider this model at $250 or possibly renting a wood chipper for the day and getting rid of all your larger debris as well. For mulching leaves and smaller debris, also consider the Flowtron Ultimate Mulcher 8 Amp Electric Leaf Shredder.","If you only plan on chipping or shredding how once a year, then consider much average this cost model to at $250 or possibly renting a wood plan chipper for the day and a getting rid of all your larger debris as well. For mulching leaves 8' and smaller debris, also tree? consider the Flowtron Ultimate Mulcher 8 Amp Electric Leaf Shredder.",cohere.command-r-plus-v1:0,"The passage mentions a cost of $250 for a wood chipper rental, but this does not appear to be related to the cost of planning an 8-foot tree. The passage also mentions a leaf shredder/mulcher, which might be relevant if the query was about dealing with the debris of an already felled tree. However, the query is specifically about the cost of planning to fell an 8-foot tree, which this passage does not address. 

Relevance Category: 0",,,0,fp,311,104,415,0.002493
2001532,example of what a family advocate does,passage_and_query,msmarco_passage_45_364622997,"For example, if a colonist died without any will, there was the possibility that his or her wealth would go to someone who was not part of the deceased’s family. Therefore, to secure their wealth, colonists advocated for primogeniture.","For example, if a colonist died without any will, there was the possibility that his or her wealth would go to someone who was not part of the deceased’s family. Therefore, to secure their wealth, colonists advocated for example of what a family advocate does primogeniture.",cohere.command-r-plus-v1:0,"The passage mentions that colonists advocated for primogeniture to secure their wealth, which implies that a family advocate's role might involve advising on such matters and ensuring the protection of the family's assets. However, the specific duties and actions of a family advocate are not explicitly stated. This passage provides a hint about the role of a family advocate but does not directly answer the query.

Relevance Category: 1",,,1,fp,282,82,364,0.0020759999999999997
2001532,example of what a family advocate does,passage_and_query_words,msmarco_passage_45_364622997,"For example, if a colonist died without any will, there was the possibility that his or her wealth would go to someone who was not part of the deceased’s family. Therefore, to secure their wealth, colonists advocated for primogeniture.","For example, if a colonist died without any example will, there was the possibility of that his what a or her family wealth would go advocate to does someone who was not part of the deceased’s family. Therefore, to secure their wealth, colonists advocated for primogeniture.",cohere.command-r-plus-v1:0,"The passage does not directly mention the role or duties of a family advocate and is focused on colonial inheritance practices and wealth security. While it provides some context on the role of advocates in colonial times, it does not specify their duties or provide a clear example of what a family advocate does in a modern context. 

Relevance Category: 0",,,0,fp,282,69,351,0.001881
2026150,definition secondary trauma,passage_and_query,msmarco_passage_20_262929592,"Secondary. Secondary occlusal trauma occurs when normal or excessive occlusal forces are placed on teeth with compromised periodontal attachment, thus contributing harm to an already damaged system. As stated, secondary occlusal trauma occurs when there is a compromised periodontal attachment and, thus, a pre-existing periodontal condition.","Secondary. Secondary occlusal trauma occurs when normal or excessive occlusal forces are placed on teeth with definition secondary trauma compromised periodontal attachment, thus contributing harm to an already damaged system. As stated, secondary occlusal trauma occurs when there is a compromised periodontal attachment and, thus, a pre-existing periodontal condition.",cohere.command-r-plus-v1:0,"The passage mentions ""secondary trauma"" but provides a definition related to occlusal forces and compromised periodontal attachment in the context of dentistry. This is unrelated to the query, which likely refers to secondary trauma in the context of psychology, such as secondary traumatic stress or vicarious trauma, which occurs when an individual is exposed to another person's trauma story or trauma material. 

Relevance Category: 0",,,0,fp,286,81,367,0.0020729999999999998
2026150,definition secondary trauma,passage_and_query_words,msmarco_passage_20_262929592,"Secondary. Secondary occlusal trauma occurs when normal or excessive occlusal forces are placed on teeth with compromised periodontal attachment, thus contributing harm to an already damaged system. As stated, secondary occlusal trauma occurs when there is a compromised periodontal attachment and, thus, a pre-existing periodontal condition.","Secondary. Secondary occlusal trauma definition occurs when normal or excessive occlusal forces are placed on teeth with compromised periodontal attachment, thus secondary contributing harm to an already trauma damaged system. As stated, secondary occlusal trauma occurs when there is a compromised periodontal attachment and, thus, a pre-existing periodontal condition.",cohere.command-r-plus-v1:0,"The query defines ""secondary"" and then seeks the definition of ""secondary trauma."" While the passage does define ""secondary occlusal trauma,"" it does so in the context of dentistry, which is unrelated to the query's likely intent regarding psychological trauma. Thus, the passage is irrelevant to the query.

Relevance Category: 0",,,0,fp,286,68,354,0.001878
2005861,what are the three countries in 1984,passage_and_query,msmarco_passage_12_646506194,"1941-1984 Chrysler Town & Country. The 1941-1984 Chrysler Town & Country was a well-built, rare, and desirable car. This 'woodie' model may well qualify as the world's first hatchback sedan. See pictures and learn about the 1941-1984 Chrysler Town & Country.","1941-1984 Chrysler Town & what are the three countries in 1984 Country. The 1941-1984 Chrysler Town & Country was a well-built, rare, and desirable car. This 'woodie' model may well qualify as the world's first hatchback sedan. See pictures and learn about the 1941-1984 Chrysler Town & Country.",cohere.command-r-plus-v1:0,"The passage mentions the ""1941-1984 Chrysler Town & Country"" car model and does not provide any information about countries relevant to the query. 

Relevance Category: 0",,,0,fp,321,42,363,0.001593
2005861,what are the three countries in 1984,passage_and_query_words,msmarco_passage_12_646506194,"1941-1984 Chrysler Town & Country. The 1941-1984 Chrysler Town & Country was a well-built, rare, and desirable car. This 'woodie' model may well qualify as the world's first hatchback sedan. See pictures and learn about the 1941-1984 Chrysler Town & Country.","1941-1984 what Chrysler Town & Country. The are 1941-1984 Chrysler the Town & Country was a well-built, rare, three and desirable car. This 'woodie' model may well qualify countries in as the world's 1984 first hatchback sedan. See pictures and learn about the 1941-1984 Chrysler Town & Country.",cohere.command-r-plus-v1:0,"The passage mentions the years 1941-1984, but it is about a car, the Chrysler Town & Country, and provides no information about countries.

Relevance Category: 0",,,0,fp,321,44,365,0.0016229999999999999
2034676,the population of kings grant fayetteville prior to liberty hills,passage_and_query,msmarco_passage_47_686239985,"King's Grant Golf Course. The 18-hole ""King's Grant"" course at the King's Grant Golf & Country Club facility in Fayetteville, North Carolina features 6,654 yards of golf from the longest tees for a par of 72.","King's Grant Golf Course. The 18-hole ""King's Grant"" course at the King's Grant Golf & Country Club facility in Fayetteville, North Carolina features 6,654 yards of golf from the longest tees the population of kings grant fayetteville prior to liberty hills for a par of 72.",cohere.command-r-plus-v1:0,"The passage mentions the King's Grant Golf Course in Fayetteville, North Carolina, which may be relevant to the query as it shares the same location and a similar name. However, it does not provide any explicit information about the population of this place before Liberty Hills. The query specifically asks for the population of Kings Grant Fayetteville prior to Liberty Hills, which is not addressed in the passage. 

Relevance Category: 1",,,1,fp,298,84,382,0.002154
2034676,the population of kings grant fayetteville prior to liberty hills,passage_and_query_words,msmarco_passage_47_686239985,"King's Grant Golf Course. The 18-hole ""King's Grant"" course at the King's Grant Golf & Country Club facility in Fayetteville, North Carolina features 6,654 yards of golf from the longest tees for a par of 72.","King's Grant Golf the Course. The population of 18-hole ""King's Grant"" course at the King's kings grant Grant fayetteville Golf & prior Country Club to facility in Fayetteville, North Carolina features liberty 6,654 yards hills of golf from the longest tees for a par of 72.",cohere.command-r-plus-v1:0,"The passage mentions the ""King's Grant"" golf course in Fayetteville, North Carolina, which may be relevant to the query as it shares the same location and a similar name. However, it does not provide any explicit information about the population of this place before the mention of ""liberty hills."" The phrase ""prior to liberty hills"" in the query suggests that we are looking for a population figure or some demographic information about the place before a certain event or change occurred, which is not addressed in the passage. 

Relevance Category: 1",,,1,fp,298,110,408,0.002544
2028378,when is trial by jury used,passage_and_query,msmarco_passage_21_359473755,"Comic one-act opera by Gilbert and Sullivan. This article is about the comic opera. For the legal institution, see jury trial. For other uses, see Trial by Jury (disambiguation). A scene from Trial by Jury as illustrated in the magazine Illustrated Sporting and Dramatic News of 1 May 1875. Trial by Jury is a comic opera in one act, with music by Arthur Sullivan and libretto by W. S. Gilbert.","Comic one-act opera by Gilbert and Sullivan. This article is about the comic opera. For the legal institution, see jury trial. For other uses, see Trial by Jury (disambiguation). A scene from Trial by when is trial by jury used Jury as illustrated in the magazine Illustrated Sporting and Dramatic News of 1 May 1875. Trial by Jury is a comic opera in one act, with music by Arthur Sullivan and libretto by W. S. Gilbert.",cohere.command-r-plus-v1:0,"The query is seeking information on when a trial by jury is utilized in the legal system. While the passage mentions ""Trial by Jury,"" it primarily discusses a comic opera by Gilbert and Sullivan and provides a historical illustration of a scene from the opera. It does not provide direct information on the legal context of trial by jury. 

Relevance Category: 1",,,1,fp,320,72,392,0.0020399999999999997
2028378,when is trial by jury used,passage_and_query_words,msmarco_passage_21_359473755,"Comic one-act opera by Gilbert and Sullivan. This article is about the comic opera. For the legal institution, see jury trial. For other uses, see Trial by Jury (disambiguation). A scene from Trial by Jury as illustrated in the magazine Illustrated Sporting and Dramatic News of 1 May 1875. Trial by Jury is a comic opera in one act, with music by Arthur Sullivan and libretto by W. S. Gilbert.","Comic when one-act opera by Gilbert and Sullivan. This article is about the comic opera. For the legal institution, see jury trial. For is other uses, see Trial by Jury (disambiguation). A scene from Trial by trial Jury as illustrated in the magazine Illustrated Sporting and Dramatic by News of jury 1 May 1875. Trial by Jury is a comic opera in one act, with used music by Arthur Sullivan and libretto by W. S. Gilbert.",cohere.command-r-plus-v1:0,"The query is seeking information on when a trial by jury is used, which is a legal proceeding. While the passage mentions ""trial by jury,"" it is in the context of a comic opera by Gilbert and Sullivan and not the legal process. The passage clarifies that for the legal institution, one should refer to ""jury trial."" 

Relevance Category: 1",,,1,fp,320,74,394,0.00207
2005861,what are the three countries in 1984,passage_and_query,msmarco_passage_66_571312417,"Awards & Achievements. Lee has won the Country Music Association Award for Male Vocalist of the Year in 1984 and 1983, Country Music Association Award for Song of the Year in 198 for his song “God Bless America,” Academy of Country Music Award for Male Vocalist in 1984 and the Grammy Award for Best Male Country Vocalist in 1984 for his song I.O.U.","Awards & Achievements. Lee has won the Country Music Association Award for Male Vocalist of the Year in 1984 and 1983, Country Music Association what are the three countries in 1984 Award for Song of the Year in 198 for his song “God Bless America,” Academy of Country Music Award for Male Vocalist in 1984 and the Grammy Award for Best Male Country Vocalist in 1984 for his song I.O.U.",cohere.command-r-plus-v1:0,"The passage mentions awards received in 1984, but it does not provide any information about countries, let alone three specific countries. The query remains unanswered.

Relevance Category: 0",,,0,fp,332,41,373,0.001611
2005861,what are the three countries in 1984,passage_and_query_words,msmarco_passage_66_571312417,"Awards & Achievements. Lee has won the Country Music Association Award for Male Vocalist of the Year in 1984 and 1983, Country Music Association Award for Song of the Year in 198 for his song “God Bless America,” Academy of Country Music Award for Male Vocalist in 1984 and the Grammy Award for Best Male Country Vocalist in 1984 for his song I.O.U.","Awards & Achievements. Lee has won what the are Country Music the Association Award for Male Vocalist of the Year in 1984 three and 1983, Country Music Association Award for Song of the Year in 198 for his song “God Bless America,” Academy of Country Music Award for Male countries Vocalist in in 1984 1984 and the Grammy Award for Best Male Country Vocalist in 1984 for his song I.O.U.",cohere.command-r-plus-v1:0,"The passage mentions awards received by Lee in 1984, which has nothing to do with the query about countries in the year 1984. 

Relevance Category: 0",,,0,fp,332,41,373,0.001611
2030323,description of mesquite plant,passage_and_query,msmarco_passage_48_467950262,Mesquite Energy Acquires Blackstone Group’s Eagle Ford Shale Venture in Bankruptcy Auction. Mesquite Energy Acquires Blackstone Group’s Eagle Ford Shale Venture in Bankruptcy Auction. Report Date Amount (MM) Description. 2020-10-01 $50.00. Mesquite Energy Acquires Blackstone Group’s Eagle Ford Shale Venture in Bankruptcy Auction.,Mesquite Energy Acquires Blackstone description of mesquite plant Group’s Eagle Ford Shale Venture in Bankruptcy Auction. Mesquite Energy Acquires Blackstone Group’s Eagle Ford Shale Venture in Bankruptcy Auction. Report Date Amount (MM) Description. 2020-10-01 $50.00. Mesquite Energy Acquires Blackstone Group’s Eagle Ford Shale Venture in Bankruptcy Auction.,cohere.command-r-plus-v1:0,"The query is seeking information about the mesquite plant, but the provided passage is about ""Mesquite Energy"" and its acquisition of Blackstone Group's Eagle Ford Shale Venture. There is no mention of a plant or any relevant descriptive details. 

Relevance Category: 0",,,0,fp,306,55,361,0.001743
2030323,description of mesquite plant,passage_and_query_words,msmarco_passage_48_467950262,Mesquite Energy Acquires Blackstone Group’s Eagle Ford Shale Venture in Bankruptcy Auction. Mesquite Energy Acquires Blackstone Group’s Eagle Ford Shale Venture in Bankruptcy Auction. Report Date Amount (MM) Description. 2020-10-01 $50.00. Mesquite Energy Acquires Blackstone Group’s Eagle Ford Shale Venture in Bankruptcy Auction.,Mesquite Energy Acquires Blackstone Group’s Eagle Ford description of Shale Venture mesquite in Bankruptcy Auction. Mesquite Energy Acquires Blackstone Group’s Eagle Ford Shale Venture in Bankruptcy Auction. Report Date Amount (MM) Description. 2020-10-01 $50.00. Mesquite Energy Acquires Blackstone Group’s plant Eagle Ford Shale Venture in Bankruptcy Auction.,cohere.command-r-plus-v1:0,"The query is seeking information about the mesquite plant, but the passage is primarily about a company called ""Mesquite Energy"" and its acquisition of another company's shale venture in a bankruptcy auction. While there is a partial match in the word ""mesquite,"" the passage does not provide any description of a plant. 

Relevance Category: 0",,,0,fp,306,71,377,0.0019829999999999995
2035009,who sang the song maybe,passage_and_query,msmarco_passage_15_2635286,"WHO SANG IT BETTER: Havana Chords - Chordify. Chords: Gm, D#, D, Dm. Chords for WHO SANG IT BETTER: Havana. Chordify gives you the chords for any song. Chords: Gm, D#, D, Dm. Chords for WHO SANG IT BETTER: Havana. Chordify gives you the chords for any song. Press enter or submit to search. Upload song.","WHO SANG IT BETTER: Havana who sang the song maybe Chords - Chordify. Chords: Gm, D#, D, Dm. Chords for WHO SANG IT BETTER: Havana. Chordify gives you the chords for any song. Chords: Gm, D#, D, Dm. Chords for WHO SANG IT BETTER: Havana. Chordify gives you the chords for any song. Press enter or submit to search. Upload song.",cohere.command-r-plus-v1:0,"The passage seems related to the query as it mentions the song title ""Maybe"" and asks who sang it. However, the passage does not provide a clear answer. Instead, it mentions ""Havana"" and ""WHO SANG IT BETTER,"" which may be the name of a competition or a show. It is not clear if Havana is the singer of the song ""Maybe"" or if this is a comparison between different singers' versions of the song. The passage also talks about chords for the song, which is not relevant to the query.

Relevance Category: 1",,,1,fp,321,118,439,0.0027329999999999998
2035009,who sang the song maybe,passage_and_query_words,msmarco_passage_15_2635286,"WHO SANG IT BETTER: Havana Chords - Chordify. Chords: Gm, D#, D, Dm. Chords for WHO SANG IT BETTER: Havana. Chordify gives you the chords for any song. Chords: Gm, D#, D, Dm. Chords for WHO SANG IT BETTER: Havana. Chordify gives you the chords for any song. Press enter or submit to search. Upload song.","WHO SANG who IT BETTER: Havana Chords - Chordify. Chords: Gm, D#, D, Dm. Chords for WHO sang SANG IT BETTER: Havana. Chordify gives you the chords for any song. Chords: the Gm, D#, D, Dm. Chords for WHO song SANG IT BETTER: Havana. Chordify gives you the chords maybe for any song. Press enter or submit to search. Upload song.",cohere.command-r-plus-v1:0,"The passage mentions the phrase ""who sang"" and asks for chords to the song ""Havana,"" but there is no artist or singer mentioned, nor is there any reference to the song ""Maybe."" The passage is about chords and has nothing to do with the query.

Relevance Category: 0",,,0,fp,321,62,383,0.001893
2040287,definition of now,passage_and_query,msmarco_passage_02_1121159,"1) You should hear /ha/ 3 times. You’ll learn these nouns in Lesson 3. . First here are the two nouns pronounced without the definite article: Now, here are those same nouns pronounced with the definite article: Now, listen to these next two recordings over and over until you can clearly hear the definite articles:","1) You should hear /ha/ 3 definition of now times. You’ll learn these nouns in Lesson 3. . First here are the two nouns pronounced without the definite article: Now, here are those same nouns pronounced with the definite article: Now, listen to these next two recordings over and over until you can clearly hear the definite articles:",cohere.command-r-plus-v1:0,Relevance Category: 0.,,,0,fp,295,7,302,0.00099
2040287,definition of now,passage_and_query_words,msmarco_passage_02_1121159,"1) You should hear /ha/ 3 times. You’ll learn these nouns in Lesson 3. . First here are the two nouns pronounced without the definite article: Now, here are those same nouns pronounced with the definite article: Now, listen to these next two recordings over and over until you can clearly hear the definite articles:","1) You should hear /ha/ 3 definition times. You’ll learn these nouns in Lesson 3. . First here are the two nouns pronounced without the definite article: Now, here are those same nouns of pronounced with the definite article: Now, listen to these next two recordings over now and over until you can clearly hear the definite articles:",cohere.command-r-plus-v1:0,"The passage seems to be about pronunciation and does not provide a definition for the word ""now."" The query seeks a definition, and the passage does not address it in any way. 

Relevance Category: 0",,,0,fp,295,44,339,0.001545
2032949,what is the outside of a shape,passage_and_query,msmarco_passage_47_402037489,"Output: Example 2: In this example, we will wrap different shape images and here we will use CSS shape-outside property for the better viewing experience. <!DOCTYPE html>. <html>. <head>. <title>. Wraping an Image with the text. </title>. <style>.","Output: Example 2: In this what is the outside of a shape example, we will wrap different shape images and here we will use CSS shape-outside property for the better viewing experience. <!DOCTYPE html>. <html>. <head>. <title>. Wraping an Image with the text. </title>. <style>.",cohere.command-r-plus-v1:0,"The passage mentions the CSS ""shape-outside"" property, which is used to wrap content around a shape in web design. While it doesn't explicitly define the term ""outside of a shape,"" it provides a practical application of shaping outside in the context of HTML and CSS. 

Relevance Category: 2",,,2,fp,293,63,356,0.001824
2032949,what is the outside of a shape,passage_and_query_words,msmarco_passage_47_402037489,"Output: Example 2: In this example, we will wrap different shape images and here we will use CSS shape-outside property for the better viewing experience. <!DOCTYPE html>. <html>. <head>. <title>. Wraping an Image with the text. </title>. <style>.","Output: what Example 2: is In this example, we will wrap different the shape images and here we outside will use of CSS shape-outside property for the better viewing experience. <!DOCTYPE html>. <html>. a <head>. shape <title>. Wraping an Image with the text. </title>. <style>.",cohere.command-r-plus-v1:0,"The passage seems related to web development and CSS (Cascading Style Sheets). It mentions the ""CSS shape-outside"" property, which is used to wrap text around a shape or image. While it does not explicitly define the ""outside of a shape,"" it implies that the ""shape-outside"" property may define or affect the outer boundaries of a shape or how content wraps around it. 

Relevance Category: 2",,,2,fp,293,86,379,0.002169
2039908,what is the name of a baby nurse,passage_and_query,msmarco_passage_08_330712222,"It’s also called as baby blues, but has to be taken very serious though. The name baby blues seems to be quite cute but is more serious than you can consider for it to be. The nursing diagnosis is carried out during the few days or after few weeks from labor.","It’s also called as baby blues, but what is the name of a baby nurse has to be taken very serious though. The name baby blues seems to be quite cute but is more serious than you can consider for it to be. The nursing diagnosis is carried out during the few days or after few weeks from labor.",cohere.command-r-plus-v1:0,"The passage mentions ""baby blues"" and discusses nursing diagnosis, but it does not provide a clear answer to the query ""what is the name of a baby nurse."" The phrase ""what is the name of a baby nurse"" is used in the passage, but it is not answered directly. 

Relevance Category: 1",,,1,fp,292,66,358,0.001866
2039908,what is the name of a baby nurse,passage_and_query_words,msmarco_passage_08_330712222,"It’s also called as baby blues, but has to be taken very serious though. The name baby blues seems to be quite cute but is more serious than you can consider for it to be. The nursing diagnosis is carried out during the few days or after few weeks from labor.","what It’s also called as baby blues, but has is to be taken very serious the though. The name baby blues seems to be quite cute name but is more of serious than you can a baby consider for nurse it to be. The nursing diagnosis is carried out during the few days or after few weeks from labor.",cohere.command-r-plus-v1:0,"The passage mentions ""baby blues,"" which may be a reference to postpartum depression, and talks about nursing diagnosis, but it does not provide a clear answer to the query. The term ""baby nurse"" is not commonly used in the passage, and the query's intent to find the name of a baby nurse is not addressed. 

Relevance Category: 1",,,1,fp,292,73,365,0.0019709999999999997
2049417,what is peace in french?,passage_and_query,msmarco_passage_04_89244765,How did the congress of Vienna ensure peace in Europe for the next 38 years? How did the congress of Vienna ensure peace in Europe for the next 38 years. ? The Congress of Vienna limited the French power and restored the French monarchy that had been overthrown during the French Revolution.,what is peace in french? How did the congress of Vienna ensure peace in Europe for the next 38 years? How did the congress of Vienna ensure peace in Europe for the next 38 years. ? The Congress of Vienna limited the French power and restored the French monarchy that had been overthrown during the French Revolution.,cohere.command-r-plus-v1:0,"The passage is partially relevant to the query. It provides some context by mentioning the Congress of Vienna and its role in ensuring peace, but it does not directly answer the specific question of how to say ""peace"" in French. The passage seems to be a repetition of the query with some additional information about European history. The query remains unanswered.

Relevance Category: 1",,,1,fp,290,76,366,0.00201
2049417,what is peace in french?,passage_and_query_words,msmarco_passage_04_89244765,How did the congress of Vienna ensure peace in Europe for the next 38 years? How did the congress of Vienna ensure peace in Europe for the next 38 years. ? The Congress of Vienna limited the French power and restored the French monarchy that had been overthrown during the French Revolution.,How did the congress of Vienna ensure peace in Europe for the next 38 years? How did what the congress of Vienna ensure peace is in Europe for the next peace 38 years. ? The Congress of Vienna limited the French in power and restored the French french? monarchy that had been overthrown during the French Revolution.,cohere.command-r-plus-v1:0,"The passage seems related to the concept of peace and refers to the French, but it does not provide a translation for the word ""peace"" in French, which is the specific request in the query. 

Relevance Category: 1",,,1,fp,290,48,338,0.0015899999999999998
2040352,what is the weight a chevrolet suburban,passage_and_query,msmarco_passage_14_616151921,"How much fuel consumed Chevrolet Suburban 5.3 L, liters / 100 km or miles per gallon. Chevrolet Suburban it is a SUV. Chevrolet Suburban engine capacity: 5328 ccm (323,48 cubic inches). Chevrolet Suburban max power: 314.00 PS (229,85 kW or 308,45 HP) at 5200 Rev. per min. Chevrolet Suburban fuel: gasoline. Chevrolet Suburban fuel with highway drive: 11.8 litres/100 km (19,90 miles per gallon).","How much fuel consumed Chevrolet Suburban 5.3 L, liters / 100 km or miles per gallon. Chevrolet Suburban it is a SUV. Chevrolet Suburban engine capacity: 5328 ccm (323,48 cubic inches). Chevrolet Suburban max power: what is the weight a chevrolet suburban 314.00 PS (229,85 kW or 308,45 HP) at 5200 Rev. per min. Chevrolet Suburban fuel: gasoline. Chevrolet Suburban fuel with highway drive: 11.8 litres/100 km (19,90 miles per gallon).",cohere.command-r-plus-v1:0,"The passage mentions the engine capacity, power, and fuel consumption of the Chevrolet Suburban, but it does not provide any information about the weight of the vehicle. The query specifically asks for the weight, which is not addressed in the passage. 

Relevance Category: 0",,,0,fp,364,55,419,0.001917
2040352,what is the weight a chevrolet suburban,passage_and_query_words,msmarco_passage_14_616151921,"How much fuel consumed Chevrolet Suburban 5.3 L, liters / 100 km or miles per gallon. Chevrolet Suburban it is a SUV. Chevrolet Suburban engine capacity: 5328 ccm (323,48 cubic inches). Chevrolet Suburban max power: 314.00 PS (229,85 kW or 308,45 HP) at 5200 Rev. per min. Chevrolet Suburban fuel: gasoline. Chevrolet Suburban fuel with highway drive: 11.8 litres/100 km (19,90 miles per gallon).","How much fuel consumed Chevrolet Suburban 5.3 L, liters / 100 km or miles per gallon. Chevrolet Suburban it is a SUV. Chevrolet Suburban what engine capacity: 5328 is ccm (323,48 cubic the inches). Chevrolet Suburban max power: 314.00 PS weight (229,85 kW or 308,45 HP) at 5200 Rev. per a min. Chevrolet Suburban chevrolet fuel: gasoline. suburban Chevrolet Suburban fuel with highway drive: 11.8 litres/100 km (19,90 miles per gallon).",cohere.command-r-plus-v1:0,"The passage mentions the engine capacity, power, and fuel consumption of the Chevrolet Suburban but does not provide any direct information about its weight. While the query specifically asks for the weight of the vehicle, the passage does not address this topic at all. 

Relevance Category: 0",,,0,fp,364,57,421,0.001947
2002533,how much average cost to plan a 8' tree?,passage_and_query,msmarco_passage_07_616450401,"Summary: How much does it cost to remove a tree, average cost to cut down a tree and average price of a tree surgeon. There are many considerations when it comes to removing a tree and a wide number of variables which will affect the cost.","Summary: How much does it cost to remove a tree, average cost to how much average cost to plan a 8' tree? cut down a tree and average price of a tree surgeon. There are many considerations when it comes to removing a tree and a wide number of variables which will affect the cost.",cohere.command-r-plus-v1:0,"The passage seems related to the query as it mentions the average cost of tree-related services, including tree removal and potentially, the cost of planning to cut down a tree of a specific size. However, the passage does not provide a clear answer to the query of how much it would cost to plan for an 8-foot tree specifically. The mention of ""average cost to how much average cost"" is unclear and seems to be a partial thought or sentence fragment. 

Relevance Category: 1",,,1,fp,293,102,395,0.0024089999999999997
2002533,how much average cost to plan a 8' tree?,passage_and_query_words,msmarco_passage_07_616450401,"Summary: How much does it cost to remove a tree, average cost to cut down a tree and average price of a tree surgeon. There are many considerations when it comes to removing a tree and a wide number of variables which will affect the cost.","how Summary: How much average much does it cost to remove a tree, cost average cost to cut down a tree and to plan average price of a tree surgeon. There a are many considerations 8' when it comes tree? to removing a tree and a wide number of variables which will affect the cost.",cohere.command-r-plus-v1:0,"The passage seems related to the query as it mentions the average cost of tree-related services, including tree removal and cutting. While it does not directly answer the question about the cost of planning an 8-foot tree, it hints at the presence of ""variables"" that affect the cost of tree-related services. These variables might include the height, type, and location of the tree, among other factors. However, the passage does not explicitly state what these variables are or how they impact the cost. Therefore, the passage is not a direct answer to the query but may contain some relevant information.

Relevance Category: 2",,,2,fp,293,129,422,0.002814
2032956,how much was the saturn v,passage_and_query,msmarco_passage_02_746619774,"Reset oil service light Saturn L200. 06/02/2013. 14/02/2013. admin add comment, board, button, buttons, car, cars, dash, dashboard, display, displayed, engine, error, errors, ignition, info, information, inspection, key, L200, light, maint reqd, oil, procedure, reset, reset change oil soon message Saturn L200, reset distance oil reminder Saturn L200, reset engine oil life system Saturn L200, reset maintenance, reset oil life Saturn L200, reset oil light Saturn L200, reset oil maintenance reminder Saturn L200, reset oil maintenance Saturn L200, reset oil warning light Saturn L200, reset service engine oil light Saturn L200, reset service reminders, reset service request for oil change Saturn L200, reset warning light, Saturn, Saturn L200, service, solve car problem, vehicle, vehicles.","Reset oil service light Saturn L200. 06/02/2013. 14/02/2013. admin add comment, board, button, buttons, car, cars, dash, dashboard, display, displayed, engine, error, errors, ignition, info, information, inspection, key, L200, light, maint reqd, oil, procedure, reset, reset change oil soon message Saturn L200, reset distance oil reminder Saturn L200, reset engine oil life system Saturn L200, reset maintenance, reset oil life Saturn L200, reset oil light Saturn L200, reset how much was the saturn v oil maintenance reminder Saturn L200, reset oil maintenance Saturn L200, reset oil warning light Saturn L200, reset service engine oil light Saturn L200, reset service reminders, reset service request for oil change Saturn L200, reset warning light, Saturn, Saturn L200, service, solve car problem, vehicle, vehicles.",cohere.command-r-plus-v1:0,"The query seems to be about the cost of the Saturn V rocket, a pivotal component of the Apollo program that helped humanity land on the moon. However, the provided passage is a set of instructions for resetting the oil service light on a Saturn L200 car. While both the query and the passage mention the word ""Saturn,"" the content of the passage is entirely unrelated to the query's intent. 

Relevance Category: 0",,,0,fp,454,89,543,0.0026969999999999997
2032956,how much was the saturn v,passage_and_query_words,msmarco_passage_02_746619774,"Reset oil service light Saturn L200. 06/02/2013. 14/02/2013. admin add comment, board, button, buttons, car, cars, dash, dashboard, display, displayed, engine, error, errors, ignition, info, information, inspection, key, L200, light, maint reqd, oil, procedure, reset, reset change oil soon message Saturn L200, reset distance oil reminder Saturn L200, reset engine oil life system Saturn L200, reset maintenance, reset oil life Saturn L200, reset oil light Saturn L200, reset oil maintenance reminder Saturn L200, reset oil maintenance Saturn L200, reset oil warning light Saturn L200, reset service engine oil light Saturn L200, reset service reminders, reset service request for oil change Saturn L200, reset warning light, Saturn, Saturn L200, service, solve car problem, vehicle, vehicles.","Reset oil service how light Saturn L200. 06/02/2013. 14/02/2013. admin add comment, board, button, buttons, car, much cars, dash, dashboard, display, displayed, engine, error, errors, ignition, info, information, inspection, key, L200, light, maint reqd, oil, procedure, reset, reset change was oil soon message Saturn L200, reset distance oil reminder Saturn L200, reset the engine oil life system Saturn L200, reset maintenance, reset oil life Saturn L200, reset oil light Saturn L200, reset oil maintenance reminder Saturn L200, reset oil maintenance Saturn L200, reset oil warning light saturn Saturn L200, reset service engine oil light v Saturn L200, reset service reminders, reset service request for oil change Saturn L200, reset warning light, Saturn, Saturn L200, service, solve car problem, vehicle, vehicles.",cohere.command-r-plus-v1:0,"The query is about the cost of the Saturn V rocket, a historic launch vehicle used during the Apollo program. 

The passage, however, talks about resetting the oil service light on a Saturn L200 car. It provides a date and a list of keywords and topics related to car maintenance and error messages. While both the query and the passage mention the word ""Saturn,"" the content of the passage is entirely unrelated to the cost of the Saturn V rocket. 

Relevance Category: 0",,,0,fp,454,102,556,0.002892
